<?xml version="1.0" encoding="UTF-8"?>
<!DOCTYPE codetemplates PUBLIC "-//NetBeans//DTD Editor Code Templates settings 1.0//EN" "http://www.netbeans.org/dtds/EditorCodeTemplates-1_0.dtd">
<codetemplates>
    <codetemplate abbreviation="forek" contexts="php-code" uuid="org.netbeans.modules.php.editor.codetemplate.foreachkey" xml:space="preserve">
        <code><![CDATA[foreach ($$${array_variable} as $$${number_variable} => $$${variable}) 
{
    ${cursor};
}]]></code>
    </codetemplate>
    <codetemplate abbreviation="cls" contexts="php-code" uuid="org.netbeans.modules.php.editor.codetemplate.cls" xml:space="preserve">
        <code><![CDATA[class ${class_name} 
{
    function __construct() 
    {
        ${cursor};
    }
}]]></code>
    </codetemplate>
    <codetemplate abbreviation="my_fr" contexts="php-code" uuid="org.netbeans.modules.php.editor.codetemplate.mySql.fr" xml:space="preserve">
        <code><![CDATA[while ($$${row} = mysql_fetch_row($$${query})) 
{
    ${cursor};
}]]></code>
    </codetemplate>
    <codetemplate abbreviation="my_fo" contexts="php-code" uuid="org.netbeans.modules.php.editor.codetemplate.mySql.fo" xml:space="preserve">
        <code><![CDATA[while ($$${row} = mysql_fetch_object($$${query})) 
{
    ${cursor};
}]]></code>
    </codetemplate>
    <codetemplate abbreviation="swi" contexts="php-code" uuid="org.netbeans.modules.php.editor.codetemplate.switch" xml:space="preserve">
        <code><![CDATA[switch ($$${variable}) 
{
case ${value}:
    ${cursor};
    break;

default:
    break;
}]]></code>
    </codetemplate>
    <codetemplate abbreviation="elif" contexts="php-code" uuid="org.netbeans.modules.php.editor.codetemplate.elif" xml:space="preserve">
        <code><![CDATA[elseif (${condition}) 
{
	${cursor};
}]]></code>
    </codetemplate>
    <codetemplate abbreviation="inst" contexts="php-code" uuid="org.netbeans.modules.php.editor.codetemplate.instanceof" xml:space="preserve">
        <code><![CDATA[if ($$${variable} instanceof ${class}) 
{
    ${cursor};
}]]></code>
    </codetemplate>
    <codetemplate abbreviation="els" contexts="php-code" uuid="org.netbeans.modules.php.editor.codetemplate.else" xml:space="preserve">
        <code><![CDATA[else 
{
    ${cursor};
}]]></code>
    </codetemplate>
    <codetemplate abbreviation="while" contexts="php-code" uuid="org.netbeans.modules.php.editor.codetemplate.while" xml:space="preserve">
        <code><![CDATA[while (${condition}) 
{
    ${cursor};
}]]></code>
    </codetemplate>
    <codetemplate abbreviation="tryc" contexts="php-code" uuid="org.netbeans.modules.php.editor.codetemplate.tryc" xml:space="preserve">
        <code><![CDATA[try 
{
    ${selection}${cursor}
} 
catch (Exception $e) 
{
}
]]></code>
    </codetemplate>
    <codetemplate abbreviation="iface" contexts="php-code" uuid="org.netbeans.modules.php.editor.codetemplate.iface" xml:space="preserve">
        <code><![CDATA[interface ${iface_name} 
{
    ${cursor}
}]]></code>
    </codetemplate>
    <codetemplate abbreviation="fnc" contexts="php-code" uuid="org.netbeans.modules.php.editor.codetemplate.fnc" xml:space="preserve">
        <code><![CDATA[function ${function_name}() 
{
    ${cursor};
}]]></code>
    </codetemplate>
    <codetemplate abbreviation="if" contexts="php-code" uuid="org.netbeans.modules.php.editor.codetemplate.if" xml:space="preserve">
        <code><![CDATA[if (${condition}) 
{
	${cursor};
}]]></code>
    </codetemplate>
    <codetemplate abbreviation="my_fa" contexts="php-code" uuid="org.netbeans.modules.php.editor.codetemplate.mySql.fa" xml:space="preserve">
        <code><![CDATA[while ($$${row} = mysql_fetch_array($$${query})) 
{
    ${cursor};
}]]></code>
    </codetemplate>
    <codetemplate abbreviation="itdir" contexts="php-code" uuid="org.netbeans.modules.php.editor.codetemplate.itdir" xml:space="preserve">
        <code><![CDATA[$$${dirh} = opendir(${dirname});
if ($$${dirh}) 
{
    while ($$${dir_element} = readdir($$${dirh})) 
    {
        ${cursor};
    }
    unset($$${dir_element});
    closedir($$${dirh});
}]]></code>
    </codetemplate>
    <codetemplate abbreviation="fore" contexts="php-code" uuid="org.netbeans.modules.php.editor.codetemplate.foreach" xml:space="preserve">
        <code><![CDATA[foreach ($$${array_variable} as $$${variable}) 
{
    ${cursor};
}]]></code>
    </codetemplate>
    <codetemplate abbreviation="iter" contexts="php-code" uuid="org.netbeans.modules.php.editor.codetemplate.arrayIterator" xml:space="preserve">
        <code><![CDATA[for ($$${number_variable} = 0 ; $$${number_variable} < count($$${array_variable}) ; $$${number_variable}++) 
{
    ${cursor};
}]]></code>
    </codetemplate>
</codetemplates>
